Model,Member,Var,Season,Stat,NetError,Rank,historical,ssp245,ssp370,ssp585
GFDL-ESM4,r1i1p1f1,All,Annual,Both,6.152235366,1,XNP,XNP,XNP,XNP
BCC-CSM2-MR,r1i1p1f1,All,Annual,Both,6.35767253,1,XNP,XNP,XNP,XNP
GFDL-CM4,r1i1p1f1,All,Annual,Both,6.498461356,1,XNP,XNP,---,XNP
CNRM-CM6-1,r1i1p1f2,All,Annual,Both,6.513063795,1,XNP,XNP,XNP,XNP
TaiESM1,r1i1p1f1,All,Annual,Both,6.658828726,1,XNP,XNP,XNP,---
CNRM-ESM2-1,r1i1p1f2,All,Annual,Both,6.681317235,1,XNP,XNP,XNP,XNP
CNRM-CM6-1-HR,r1i1p1f2,All,Annual,Both,6.990708119,1,XNP,---,---,XNP
INM-CM4-8,r1i1p1f1,All,Annual,Both,7.238093672,1,XNP,XNP,XNP,XNP
MIROC6,r1i1p1f1,All,Annual,Both,8.165782265,1,XNP,XNP,XNP,XNP
MRI-ESM2-0,r5i1p1f1,All,Annual,Both,9.39946807,1,XNP,---,XNP,---
INM-CM5-0,r4i1p1f1,All,Annual,Both,9.595832429,1,XNP,---,XNP,---
HadGEM3-GC31-MM,r2i1p1f3,All,Annual,Both,9.730878686,1,XNP,---,---,XNP
INM-CM5-0,r3i1p1f1,All,Annual,Both,9.848350116,2,XNP,---,XNP,---
NorESM2-LM,r2i1p1f1,All,Annual,Both,9.902019996,1,XNP,XNP,---,---
INM-CM5-0,r1i1p1f1,All,Annual,Both,9.92068546,3,XNP,XNP,XNP,XNP
FGOALS-g3,r3i1p1f1,All,Annual,Both,9.930760293,1,XNP,XNP,XNP,XNP
FGOALS-g3,r1i1p1f1,All,Annual,Both,9.942836617,2,XNP,XNP,XNP,XNP
ACCESS-ESM1-5,r1i1p1f1,All,Annual,Both,10.08612909,1,XNP,XNP,XNP,XNP
HadGEM3-GC31-LL,r3i1p1f3,All,Annual,Both,10.12472222,1,XNP,---,---,XNP
EC-Earth3,r2i1p1f1,All,Annual,Both,10.14642794,1,XNP,XNP,---,---
MRI-ESM2-0,r1i1p1f1,All,Annual,Both,10.19313494,2,XNP,XNP,XNP,XNP
NorESM2-MM,r2i1p1f1,All,Annual,Both,10.24695077,1,XNP,XNP,---,---
NorESM2-LM,r3i1p1f1,All,Annual,Both,10.25085362,2,XNP,XNP,---,---
NorESM2-LM,r1i1p1f1,All,Annual,Both,10.30291221,3,XNP,XNP,XNP,XNP
HadGEM3-GC31-MM,r1i1p1f3,All,Annual,Both,10.32375901,2,XNP,---,---,XNP
MIROC6,r2i1p1f1,All,Annual,Both,10.39567218,2,XNP,XNP,XNP,XNP
CanESM5,r1i1p1f1,All,Annual,Both,10.59528197,1,XNP,XNP,XNP,XNP
ACCESS-CM2,r1i1p1f1,All,Annual,Both,10.6573918,1,XNP,XNP,XNP,XNP
ACCESS-ESM1-5,r5i1p1f1,All,Annual,Both,10.67614163,2,XNP,XNP,XNP,XNP
ACCESS-CM2,r3i1p1f1,All,Annual,Both,10.74709263,2,XNP,XNP,XNP,XNP
CESM2-LENS,r4i1p1f1,All,Annual,Both,10.87520115,1,XNP,---,XNP,---
EC-Earth3,r4i1p1f1,All,Annual,Both,10.8843925,2,XNP,XNP,XNP,XNP
IPSL-CM6A-LR,r3i1p1f1,All,Annual,Both,10.90091739,1,XNP,XNP,XNP,XNP
CESM2-LENS,r6i1p1f1,All,Annual,Both,10.90642013,2,XNP,---,XNP,---
EC-Earth3-Veg,r4i1p1f1,All,Annual,Both,10.94074952,1,XNP,XNP,XNP,XNP
NorESM2-MM,r1i1p1f1,All,Annual,Both,11.10270237,2,XNP,XNP,XNP,XNP
EC-Earth3-Veg,r3i1p1f1,All,Annual,Both,11.24455424,2,XNP,XNP,XNP,XNP
KACE-1-0-G,r2i1p1f1,All,Annual,Both,11.24811095,1,XNP,XNP,XNP,XNP
CESM2-LENS,r1i1p1f1,All,Annual,Both,11.24988889,6,XNP,---,XNP,---
HadGEM3-GC31-LL,r2i1p1f3,All,Annual,Both,11.35737646,2,XNP,---,---,XNP
HadGEM3-GC31-LL,r1i1p1f3,All,Annual,Both,11.36001761,3,XNP,---,---,XNP
KACE-1-0-G,r1i1p1f1,All,Annual,Both,11.36705767,2,XNP,XNP,XNP,XNP
IPSL-CM6A-LR,r2i1p1f1,All,Annual,Both,11.43372205,2,XNP,XNP,XNP,XNP
MPI-ESM1-2-HR,r10i1p1f1,All,Annual,Both,11.56849169,1,XNP,---,XNP,---
EC-Earth3,r1i1p1f1,All,Annual,Both,11.5823141,4,XNP,XNP,XNP,XNP
IPSL-CM6A-LR,r1i1p1f1,All,Annual,Both,11.81270502,6,XNP,XNP,XNP,XNP
MPI-ESM1-2-HR,r2i1p1f1,All,Annual,Both,11.84989451,2,XNP,XNP,XNP,XNP
MPI-ESM1-2-LR,r10i1p1f1,All,Annual,Both,11.9507322,1,XNP,XNP,XNP,--P
AWI-CM-1-1-MR,r1i1p1f1,All,Annual,Both,11.980818,1,XNP,XNP,XNP,XNP
CanESM5,r4i1p1f1,All,Annual,Both,12.07559522,2,XNP,XNP,XNP,XNP
AWI-CM-1-1-MR,r2i1p1f1,All,Annual,Both,12.16634703,2,XNP,---,XNP,---
MPI-ESM1-2-LR,r3i1p1f1,All,Annual,Both,12.25765067,2,XNP,XNP,XNP,XNP
EC-Earth3-Veg,r1i1p1f1,All,Annual,Both,12.30121945,4,XNP,XNP,XNP,XNP
MPI-ESM1-2-HR,r1i1p1f1,All,Annual,Both,12.38749369,4,XNP,XNP,XNP,XNP
MPI-ESM1-2-LR,r1i1p1f1,All,Annual,Both,13.74227055,8,XNP,XNP,XNP,XNP
